GivenName,Surname,DisplayName,Name,SamAccountName
Wayne,Yarborough,Wayne Yarborough,"Yarborough,Wayne",WYarborough
Monte,Orton,Monte Orton,"Orton,Monte",MOrton
Randal,Maple,Randal Maple,"Maple,Randal",RMaple
Hiram,Mundy,Hiram Mundy,"Mundy,Hiram",HMundy
Barbara,Weber,Barbara Weber,"Weber,Barbara",BWeber
Georgette,Sullivan,Georgette Sullivan,"Sullivan,Georgette",GSullivan
Verna,Kennedy,Verna Kennedy,"Kennedy,Verna",VKennedy
Marvin,Bracken,Marvin Bracken,"Bracken,Marvin",MBracken
Emmanuel,Storm,Emmanuel Storm,"Storm,Emmanuel",EStorm
Sophia,Owen,Sophia Owen,"Owen,Sophia",SOwen
Colette,Hart,Colette Hart,"Hart,Colette",CHart
Cathy,Blake,Cathy Blake,"Blake,Cathy",CBlake
Eliza,Ramsey,Eliza Ramsey,"Ramsey,Eliza",ERamsey
Jaclyn,Dudley,Jaclyn Dudley,"Dudley,Jaclyn",JDudley
Quentin,Howes,Quentin Howes,"Howes,Quentin",QHowes
Lina,Newman,Lina Newman,"Newman,Lina",LNewman
Monty,Bowler,Monty Bowler,"Bowler,Monty",MBowler
