GivenName,Surname,DisplayName,Name,SamAccountName
Marci,Soto,Marci Soto,"Soto,Marci",MSoto
Louisa,Mueller,Louisa Mueller,"Mueller,Louisa",LMueller
Lamar,Ferrari,Lamar Ferrari,"Ferrari,Lamar",LFerrari
Georgia,Burton,Georgia Burton,"Burton,Georgia",GBurton
Ellen,Wallace,Ellen Wallace,"Wallace,Ellen",EWallace
Patti,Owens,Patti Owens,"Owens,Patti",POwens
Jay,Peeler,Jay Peeler,"Peeler,Jay",JPeeler
Jeannine,Short,Jeannine Short,"Short,Jeannine",JShort
Sheri,Summers,Sheri Summers,"Summers,Sheri",SSummers
Nikki,McClain,Nikki McClain,"McClain,Nikki",NMcClain
Jewell,Patterson,Jewell Patterson,"Patterson,Jewell",JPatterson
Elva,Ray,Elva Ray,"Ray,Elva",ERay
Nolan,Moultrie,Nolan Moultrie,"Moultrie,Nolan",NMoultrie
Guadalupe,Billiot,Guadalupe Billiot,"Billiot,Guadalupe",GBilliot
Hillary,Freeman,Hillary Freeman,"Freeman,Hillary",HFreeman
Tamara,Green,Tamara Green,"Green,Tamara",TGreen
Rita,May,Rita May,"May,Rita",RMay
Spencer,Moorman,Spencer Moorman,"Moorman,Spencer",SMoorman
